Job ID,Duration
Job_1,31
Job_2,12
Job_3,22
Job_4,44
Job_5,4
Job_6,5
Job_7,11
Job_8,8
Job_9,36
Job_10,1
Job_11,2
Job_12,13
Job_13,37
Job_14,30
Job_15,42
Job_16,2
Job_17,31
Job_18,21
Job_19,33
Job_20,13
Job_21,36
Job_22,31
Job_23,27
Job_24,47
Job_25,38
Job_26,41
Job_27,17
Job_28,3
Job_29,19
Job_30,21
Job_31,46
Job_32,9
Job_33,23
Job_34,14
Job_35,50
Job_36,5
Job_37,5
Job_38,10
Job_39,32
Job_40,3
Job_41,20
Job_42,21
Job_43,28
Job_44,17
Job_45,33
Job_46,1
Job_47,25
Job_48,45
Job_49,36
Job_50,13
Job_51,14
Job_52,15
Job_53,23
Job_54,7
Job_55,19
Job_56,36
Job_57,20
Job_58,41
Job_59,12
Job_60,48
Job_61,40
Job_62,3
Job_63,4
Job_64,1
Job_65,46
Job_66,9
Job_67,2
Job_68,16
Job_69,32
Job_70,18
Job_71,49
Job_72,48
Job_73,38
Job_74,17
Job_75,34
Job_76,8
Job_77,33
Job_78,10
Job_79,11
Job_80,44
Job_81,14
Job_82,46
Job_83,32
Job_84,21
Job_85,38
Job_86,44
Job_87,34
Job_88,40
Job_89,38
Job_90,39
Job_91,3
Job_92,46
Job_93,13
Job_94,40
Job_95,34
Job_96,29
Job_97,12
Job_98,40
Job_99,5
Job_100,40
Job_101,49
Job_102,45
Job_103,19
Job_104,22
Job_105,48
Job_106,24
Job_107,15
Job_108,28
Job_109,43
Job_110,31
Job_111,49
Job_112,41
Job_113,42
Job_114,22
Job_115,10
Job_116,8
Job_117,7
Job_118,49
Job_119,12
Job_120,2
Job_121,34
Job_122,11
Job_123,33
Job_124,3
Job_125,26
Job_126,42
Job_127,11
Job_128,35
Job_129,23
Job_130,46
Job_131,38
Job_132,49
Job_133,44
Job_134,30
Job_135,19
Job_136,24
Job_137,18
Job_138,5
Job_139,1
Job_140,29
Job_141,31
Job_142,33
Job_143,13
Job_144,24
Job_145,50
Job_146,12
Job_147,5
Job_148,32
Job_149,4
Job_150,35
Job_151,7
Job_152,14
Job_153,43
Job_154,40
Job_155,7
Job_156,28
Job_157,12
Job_158,21
Job_159,16
Job_160,11
Job_161,50
Job_162,40
Job_163,42
Job_164,32
Job_165,38
Job_166,39
Job_167,24
Job_168,22
Job_169,30
Job_170,27
Job_171,2
Job_172,50
Job_173,33
Job_174,44
Job_175,44
Job_176,9
Job_177,21
Job_178,22
Job_179,28
Job_180,8
Job_181,36
Job_182,9
Job_183,7
Job_184,22
Job_185,8
Job_186,29
Job_187,9
Job_188,33
Job_189,2
Job_190,45
Job_191,12
Job_192,2
Job_193,41
Job_194,46
Job_195,27
Job_196,15
Job_197,32
Job_198,33
Job_199,16
Job_200,40
Job_201,4
Job_202,49
Job_203,18
Job_204,18
Job_205,23
Job_206,39
Job_207,19
Job_208,39
Job_209,36
Job_210,29
Job_211,31
Job_212,35
Job_213,4
Job_214,8
Job_215,48
Job_216,35
Job_217,18
Job_218,46
Job_219,17
Job_220,8
Job_221,1
Job_222,17
Job_223,16
Job_224,49
Job_225,33
Job_226,14
Job_227,25
Job_228,29
Job_229,28
Job_230,9
Job_231,32
Job_232,8
Job_233,23
Job_234,15
Job_235,3
Job_236,19
Job_237,33
Job_238,4
Job_239,38
Job_240,10
Job_241,34
Job_242,22
Job_243,18
Job_244,10
Job_245,7
Job_246,42
Job_247,17
Job_248,21
Job_249,15
Job_250,14
Job_251,22
Job_252,39
Job_253,36
Job_254,17
Job_255,35
Job_256,41
Job_257,11
Job_258,24
Job_259,35
Job_260,20
Job_261,50
Job_262,5
Job_263,34
Job_264,21
Job_265,32
Job_266,42
Job_267,5
Job_268,12
Job_269,21
Job_270,14
Job_271,1
Job_272,42
Job_273,43
Job_274,32
Job_275,43
Job_276,34
Job_277,17
Job_278,15
Job_279,48
Job_280,10
Job_281,41
Job_282,33
Job_283,22
Job_284,48
Job_285,24
Job_286,46
Job_287,45
Job_288,38
Job_289,40
Job_290,32
Job_291,42
Job_292,20
Job_293,50
Job_294,35
Job_295,5
Job_296,34
Job_297,37
Job_298,41
Job_299,44
Job_300,38
Job_301,49
Job_302,23
Job_303,39
Job_304,15
Job_305,33
Job_306,13
Job_307,4
Job_308,13
Job_309,12
Job_310,13
Job_311,46
Job_312,43
Job_313,22
Job_314,39
Job_315,2
Job_316,37
Job_317,33
Job_318,30
Job_319,2
Job_320,42
Job_321,39
Job_322,17
Job_323,6
Job_324,2
Job_325,16
Job_326,6
Job_327,19
Job_328,32
Job_329,9
Job_330,29
Job_331,7
Job_332,16
Job_333,3
Job_334,20
Job_335,23
Job_336,1
Job_337,12
Job_338,34
Job_339,40
Job_340,50
Job_341,18
Job_342,22
Job_343,30
Job_344,38
Job_345,31
Job_346,50
Job_347,21
Job_348,37
Job_349,2
Job_350,29
Job_351,20
Job_352,20
Job_353,22
Job_354,22
Job_355,22
Job_356,35
Job_357,14
Job_358,19
Job_359,48
Job_360,43
Job_361,18
Job_362,4
Job_363,5
Job_364,14
Job_365,5
Job_366,36
Job_367,44
Job_368,29
Job_369,40
Job_370,22
Job_371,8
Job_372,46
Job_373,14
Job_374,33
Job_375,29
Job_376,30
Job_377,20
Job_378,32
Job_379,20
Job_380,5
Job_381,31
Job_382,26
Job_383,18
Job_384,4
Job_385,7
Job_386,4
Job_387,32
Job_388,49
Job_389,24
Job_390,3
Job_391,44
Job_392,50
Job_393,10
Job_394,21
Job_395,10
Job_396,11
Job_397,45
Job_398,36
Job_399,43
Job_400,10
Job_401,21
Job_402,20
Job_403,27
Job_404,46
Job_405,28
Job_406,19
Job_407,15
Job_408,6
Job_409,18
Job_410,3
Job_411,30
Job_412,8
Job_413,4
Job_414,10
Job_415,42
Job_416,45
Job_417,22
Job_418,47
Job_419,48
Job_420,24
Job_421,34
Job_422,44
Job_423,10
Job_424,38
Job_425,6
Job_426,42
Job_427,7
Job_428,9
Job_429,12
Job_430,15
Job_431,17
Job_432,10
Job_433,22
Job_434,7
Job_435,2
Job_436,36
Job_437,34
Job_438,1
Job_439,41
Job_440,49
Job_441,26
Job_442,18
Job_443,2
Job_444,8
Job_445,9
Job_446,25
Job_447,30
Job_448,9
Job_449,46
Job_450,31
Job_451,6
Job_452,19
Job_453,43
Job_454,48
Job_455,14
Job_456,36
Job_457,37
Job_458,45
Job_459,8
Job_460,44
Job_461,21
Job_462,16
Job_463,43
Job_464,8
Job_465,46
Job_466,1
Job_467,22
Job_468,14
Job_469,7
Job_470,22
Job_471,28
Job_472,46
Job_473,41
Job_474,21
Job_475,23
Job_476,2
Job_477,29
Job_478,20
Job_479,9
Job_480,42
Job_481,17
Job_482,23
Job_483,14
Job_484,20
Job_485,40
Job_486,4
Job_487,28
Job_488,15
Job_489,15
Job_490,25
Job_491,16
Job_492,43
Job_493,4
Job_494,50
Job_495,31
Job_496,8
Job_497,32
Job_498,25
Job_499,13
Job_500,33
Job_501,34
Job_502,43
Job_503,25
Job_504,10
Job_505,29
Job_506,19
Job_507,20
Job_508,1
Job_509,44
Job_510,1
Job_511,21
Job_512,19
Job_513,20
Job_514,28
Job_515,49
Job_516,30
Job_517,31
Job_518,48
Job_519,21
Job_520,47
Job_521,5
Job_522,31
Job_523,33
Job_524,46
Job_525,36
Job_526,10
Job_527,41
Job_528,21
Job_529,21
Job_530,4
Job_531,21
Job_532,16
Job_533,41
Job_534,27
Job_535,17
Job_536,43
Job_537,47
Job_538,23
Job_539,2
Job_540,32
Job_541,45
Job_542,33
Job_543,4
Job_544,38
Job_545,30
Job_546,18
Job_547,27
Job_548,50
Job_549,3
Job_550,23
Job_551,9
Job_552,47
Job_553,13
Job_554,27
Job_555,47
Job_556,50
Job_557,12
Job_558,3
Job_559,6
Job_560,45
Job_561,13
Job_562,11
Job_563,12
Job_564,7
Job_565,11
Job_566,46
Job_567,19
Job_568,40
Job_569,36
Job_570,12
Job_571,24
Job_572,48
Job_573,35
Job_574,13
Job_575,13
Job_576,36
Job_577,10
Job_578,11
Job_579,50
Job_580,3
Job_581,39
Job_582,5
Job_583,12
Job_584,41
Job_585,35
Job_586,11
Job_587,50
Job_588,32
Job_589,50
Job_590,18
Job_591,2
Job_592,13
Job_593,10
Job_594,30
Job_595,32
Job_596,42
Job_597,41
Job_598,46
Job_599,28
Job_600,7
Job_601,1
Job_602,16
Job_603,48
Job_604,37
Job_605,20
Job_606,31
Job_607,11
Job_608,27
Job_609,40
Job_610,10
Job_611,32
Job_612,28
Job_613,6
Job_614,34
Job_615,38
Job_616,44
Job_617,9
Job_618,28
Job_619,1
Job_620,2
Job_621,10
Job_622,39
Job_623,44
Job_624,7
Job_625,47
Job_626,42
Job_627,26
Job_628,29
Job_629,10
Job_630,24
Job_631,46
Job_632,45
Job_633,12
Job_634,32
Job_635,40
Job_636,27
Job_637,35
Job_638,8
Job_639,3
Job_640,39
Job_641,5
Job_642,26
Job_643,8
Job_644,13
Job_645,29
Job_646,13
Job_647,43
Job_648,35
Job_649,45
Job_650,35
Job_651,26
Job_652,43
Job_653,38
Job_654,44
Job_655,6
Job_656,22
Job_657,18
Job_658,37
Job_659,50
Job_660,32
Job_661,27
Job_662,26
Job_663,20
Job_664,11
Job_665,32
Job_666,26
Job_667,2
Job_668,2
Job_669,15
Job_670,11
Job_671,49
Job_672,10
Job_673,40
Job_674,41
Job_675,50
Job_676,24
Job_677,33
Job_678,7
Job_679,26
Job_680,6
Job_681,22
Job_682,28
Job_683,14
Job_684,4
Job_685,49
Job_686,6
Job_687,14
Job_688,13
Job_689,17
Job_690,9
Job_691,38
Job_692,6
Job_693,50
Job_694,14
Job_695,27
Job_696,25
Job_697,48
Job_698,36
Job_699,45
Job_700,10
Job_701,11
Job_702,30
Job_703,22
Job_704,15
Job_705,13
Job_706,34
Job_707,48
Job_708,1
Job_709,38
Job_710,1
Job_711,45
Job_712,49
Job_713,17
Job_714,38
Job_715,6
Job_716,4
Job_717,23
Job_718,40
Job_719,42
Job_720,14
Job_721,22
Job_722,40
Job_723,44
Job_724,41
Job_725,30
Job_726,9
Job_727,48
Job_728,17
Job_729,45
Job_730,45
Job_731,50
Job_732,14
Job_733,25
Job_734,23
Job_735,41
Job_736,9
Job_737,22
Job_738,39
Job_739,47
Job_740,50
Job_741,29
Job_742,39
Job_743,17
Job_744,23
Job_745,1
Job_746,47
Job_747,42
Job_748,43
Job_749,26
Job_750,39
Job_751,17
Job_752,16
Job_753,1
Job_754,7
Job_755,14
Job_756,3
Job_757,4
Job_758,32
Job_759,49
Job_760,44
Job_761,24
Job_762,41
Job_763,25
Job_764,15
Job_765,41
Job_766,4
Job_767,19
Job_768,10
Job_769,8
Job_770,38
Job_771,17
Job_772,36
Job_773,29
Job_774,27
Job_775,21
Job_776,3
Job_777,35
Job_778,18
Job_779,10
Job_780,35
Job_781,16
Job_782,5
Job_783,25
Job_784,38
Job_785,16
Job_786,36
Job_787,6
Job_788,42
Job_789,39
Job_790,29
Job_791,17
Job_792,5
Job_793,16
Job_794,18
Job_795,9
Job_796,16
Job_797,18
Job_798,36
Job_799,1
Job_800,50
Job_801,1
Job_802,42
Job_803,16
Job_804,33
Job_805,20
Job_806,22
Job_807,26
Job_808,3
Job_809,48
Job_810,35
Job_811,40
Job_812,44
Job_813,16
Job_814,23
Job_815,9
Job_816,13
Job_817,5
Job_818,48
Job_819,40
Job_820,14
Job_821,44
Job_822,3
Job_823,19
Job_824,19
Job_825,27
Job_826,30
Job_827,33
Job_828,3
Job_829,5
Job_830,25
Job_831,16
Job_832,4
Job_833,19
Job_834,37
Job_835,21
Job_836,7
Job_837,18
Job_838,31
Job_839,35
Job_840,5
Job_841,28
Job_842,38
Job_843,42
Job_844,28
Job_845,50
Job_846,4
Job_847,49
Job_848,16
Job_849,12
Job_850,44
Job_851,48
Job_852,41
Job_853,9
Job_854,31
Job_855,28
Job_856,36
Job_857,4
Job_858,16
Job_859,48
Job_860,33
Job_861,46
Job_862,18
Job_863,17
Job_864,13
Job_865,45
Job_866,22
Job_867,27
Job_868,15
Job_869,30
Job_870,33
Job_871,2
Job_872,25
Job_873,42
Job_874,8
Job_875,24
Job_876,49
Job_877,26
Job_878,16
Job_879,7
Job_880,50
Job_881,4
Job_882,45
Job_883,15
Job_884,39
Job_885,3
Job_886,34
Job_887,46
Job_888,22
Job_889,23
Job_890,44
Job_891,6
Job_892,9
Job_893,41
Job_894,38
Job_895,23
Job_896,39
Job_897,38
Job_898,39
Job_899,2
Job_900,42
Job_901,9
Job_902,31
Job_903,26
Job_904,29
Job_905,8
Job_906,25
Job_907,25
Job_908,23
Job_909,44
Job_910,23
Job_911,5
Job_912,47
Job_913,36
Job_914,8
Job_915,20
Job_916,5
Job_917,45
Job_918,21
Job_919,20
Job_920,24
Job_921,13
Job_922,44
Job_923,43
Job_924,35
Job_925,46
Job_926,2
Job_927,36
Job_928,26
Job_929,48
Job_930,23
Job_931,12
Job_932,20
Job_933,45
Job_934,49
Job_935,50
Job_936,15
Job_937,41
Job_938,27
Job_939,34
Job_940,30
Job_941,7
Job_942,46
Job_943,48
Job_944,13
Job_945,9
Job_946,42
Job_947,39
Job_948,22
Job_949,28
Job_950,35
Job_951,45
Job_952,18
Job_953,6
Job_954,34
Job_955,47
Job_956,12
Job_957,6
Job_958,9
Job_959,10
Job_960,27
Job_961,24
Job_962,41
Job_963,12
Job_964,27
Job_965,48
Job_966,19
Job_967,40
Job_968,5
Job_969,15
Job_970,20
Job_971,28
Job_972,45
Job_973,7
Job_974,1
Job_975,24
Job_976,32
Job_977,11
Job_978,21
Job_979,14
Job_980,50
Job_981,23
Job_982,25
Job_983,12
Job_984,37
Job_985,42
Job_986,44
Job_987,36
Job_988,26
Job_989,35
Job_990,23
Job_991,37
Job_992,42
Job_993,39
Job_994,49
Job_995,17
Job_996,46
Job_997,29
Job_998,16
Job_999,34
Job_1000,19
